Project ID,Project Name,Client No.,Matter No.,No. of Documents,No. of Users,Users,User Roles,Created Time,Last Updated Time,Link
4039,Will - QS,,,17,1,['william.magill@kirasystems.com'],['owner'],2019-03-01T13:44:23Z,2019-03-01T22:10:19Z,"<a href=""/project-details-4039"">See project details</a>"
4040,ZBS test,,,0,4,"['benjamin.kim@kirasystems.com', 'lindsay.smith@kirasystems.com', 'barbara.swanson@kirasystems.com', 'william.magill@kirasystems.com']","['owner', 'member', 'member', 'member']",2019-03-01T15:36:00Z,2019-03-17T22:14:12Z,"<a href=""/project-details-4040"">See project details</a>"
4042,Testing 123,erw237839,2i94294204,76,4,"['paula.chalokwu@kirasystems.com', 'mia.sircar@kirasystems.com', 'jack.lin@kirasystems.com', 'derek.malyczewskyj@kirasystems.com']","['owner', 'member', 'member', 'member']",2019-03-02T16:06:29Z,2019-03-05T17:18:44Z,"<a href=""/project-details-4042"">See project details</a>"
4045,Megadodo Publications,,,51,7,"['craig.vaughn@kirasystems.com', 'robin.mcnamara@kirasystems.com', 'tony.ensinger@kirasystems.com', 'robert.armbruster@kirasystems.com', 'noah@kirasystems.com', 'steve.obenski@kirasystems.com', 'kaitlin.mathews@kirasystems.com']","['owner', 'member', 'member', 'member', 'member', 'member', 'member']",2019-03-04T14:13:25Z,2019-03-05T19:17:41Z,"<a href=""/project-details-4045"">See project details</a>"
4046,Intralinks redo,,,2,1,['steve@kirasystems.com'],['owner'],2019-03-04T17:56:39Z,2019-03-04T17:58:08Z,"<a href=""/project-details-4046"">See project details</a>"
4051,Project Hello,,,22,1,['olivia.su@kirasystems.com'],['owner'],2019-03-06T00:03:25Z,2019-03-11T17:48:36Z,"<a href=""/project-details-4051"">See project details</a>"
4053,Project NJ,23223,2323,64,3,"['alister.wyld@kirasystems.com', 'tony.ensinger@kirasystems.com', 'robert.armbruster@kirasystems.com']","['owner', 'owner', 'member']",2019-03-06T16:46:37Z,2019-03-06T17:31:53Z,"<a href=""/project-details-4053"">See project details</a>"
4054,,,,0,1,['derek.malyczewskyj@kirasystems.com'],['owner'],2019-03-06T18:48:48Z,2019-03-06T18:48:48Z,"<a href=""/project-details-4054"">See project details</a>"
4055,Yada Yada,231,2,48,3,"['kaitlin.mathews@kirasystems.com', 'jed.hastings@kirasystems.com', 'tony.ensinger@kirasystems.com']","['owner', 'member', 'member']",2019-03-06T19:21:41Z,2019-03-06T20:03:27Z,"<a href=""/project-details-4055"">See project details</a>"
4056,,,,2,1,['tony.ensinger@kirasystems.com'],['owner'],2019-03-07T13:04:04Z,2019-03-07T13:04:12Z,"<a href=""/project-details-4056"">See project details</a>"
4058,Testing Duplicates,7849944,xxxxxx,38,2,"['paula.chalokwu@kirasystems.com', 'derek.malyczewskyj@kirasystems.com']","['owner', 'member']",2019-03-07T15:35:06Z,2019-03-13T15:32:45Z,"<a href=""/project-details-4058"">See project details</a>"
4059,Project SD,2323,2323,63,4,"['tony.ensinger@kirasystems.com', 'alister.wyld@kirasystems.com', 'robert.armbruster@kirasystems.com', 'kennan.samman@kirasystems.com']","['owner', 'member', 'member', 'member']",2019-03-07T19:08:05Z,2019-03-07T19:41:13Z,"<a href=""/project-details-4059"">See project details</a>"
4062,Barbara's Company,343244,42,48,2,"['craig.vaughn@kirasystems.com', 'william.magill@kirasystems.com']","['owner', 'read-only']",2019-03-08T20:20:08Z,2019-03-11T13:57:14Z,"<a href=""/project-details-4062"">See project details</a>"
4064,partner training,xxxx-zz-1234,222,76,2,"['barbara.swanson@kirasystems.com', 'william.magill@kirasystems.com']","['owner', 'member']",2019-03-10T16:49:32Z,2019-03-17T22:25:43Z,"<a href=""/project-details-4064"">See project details</a>"
4067,solar energy/wind power,xxx,xxx,0,2,"['barbara.swanson@kirasystems.com', 'william.magill@kirasystems.com']","['owner', 'member']",2019-03-10T17:40:49Z,2019-03-10T17:41:31Z,"<a href=""/project-details-4067"">See project details</a>"
4068,Untrained FA,,,12,2,"['craig.vaughn@kirasystems.com', 'ingrid.zanchetta@kirasystems.com']","['owner', 'member']",2019-03-11T12:03:37Z,2019-03-11T14:39:33Z,"<a href=""/project-details-4068"">See project details</a>"
4069,Ingrid's Project,2323232,42,49,3,"['craig.vaughn@kirasystems.com', 'noah@kirasystems.com', 'ingrid.zanchetta@kirasystems.com']","['owner', 'member', 'read-only']",2019-03-11T13:40:58Z,2019-03-11T15:25:07Z,"<a href=""/project-details-4069"">See project details</a>"
4070,,,,15,1,['craig.vaughn@kirasystems.com'],['owner'],2019-03-11T14:48:09Z,2019-03-11T14:48:20Z,"<a href=""/project-details-4070"">See project details</a>"
4072,License Agreements,,,16,2,"['corinne.geller@kirasystems.com', 'robert.armbruster@kirasystems.com']","['owner', 'member']",2019-03-11T16:55:14Z,2019-03-11T20:00:04Z,"<a href=""/project-details-4072"">See project details</a>"
4075,zbs managment,xxx-123,456,10,2,"['barbara.swanson@kirasystems.com', 'william.magill@kirasystems.com']","['owner', 'member']",2019-03-12T11:52:24Z,2019-03-12T12:14:28Z,"<a href=""/project-details-4075"">See project details</a>"
4077,Jed's Deal,,,0,2,"['craig.vaughn@kirasystems.com', 'jed.hastings@kirasystems.com']","['owner', 'member']",2019-03-12T18:44:21Z,2019-03-12T18:47:15Z,"<a href=""/project-details-4077"">See project details</a>"
4079,mar 14,,,12,1,['tiffany.pereira@kirasystems.com'],['owner'],2019-03-14T10:46:19Z,2019-03-14T10:46:29Z,"<a href=""/project-details-4079"">See project details</a>"
4080,Accenture Project,,,48,1,['craig.vaughn@kirasystems.com'],['owner'],2019-03-14T11:39:56Z,2019-03-14T11:40:40Z,"<a href=""/project-details-4080"">See project details</a>"
4081,Untrained FA,,,12,2,"['craig.vaughn@kirasystems.com', 'tony.ensinger@kirasystems.com']","['owner', 'member']",2019-03-14T11:41:47Z,2019-03-14T14:32:42Z,"<a href=""/project-details-4081"">See project details</a>"
4082,Diegos Deal,34343,34,50,3,"['craig.vaughn@kirasystems.com', 'tony.ensinger@kirasystems.com', 'jed.hastings@kirasystems.com']","['owner', 'member', 'read-only']",2019-03-14T12:23:32Z,2019-03-14T14:57:15Z,"<a href=""/project-details-4082"">See project details</a>"
4083,sssdsdsd,,,0,1,['craig.vaughn@kirasystems.com'],['owner'],2019-03-14T14:35:46Z,2019-03-14T14:36:04Z,"<a href=""/project-details-4083"">See project details</a>"
4084,,,,0,1,['craig.vaughn@kirasystems.com'],['owner'],2019-03-14T14:38:56Z,2019-03-14T14:39:25Z,"<a href=""/project-details-4084"">See project details</a>"
4086,Project 1234,,,15,4,"['jed.hastings@kirasystems.com', 'tony.ensinger@kirasystems.com', 'craig.vaughn@kirasystems.com', 'chloe.doyle@kirasystems.com']","['owner', 'member', 'member', 'member']",2019-03-15T14:10:44Z,2019-03-15T14:12:01Z,"<a href=""/project-details-4086"">See project details</a>"
4087,,,,16,1,['balpreet.jassal@kirasystems.com'],['owner'],2019-03-15T21:03:54Z,2019-03-15T21:15:38Z,"<a href=""/project-details-4087"">See project details</a>"
4088,xxxxxxxx,,,10,1,['paula.chalokwu@kirasystems.com'],['owner'],2019-03-16T19:39:47Z,2019-03-16T20:40:24Z,"<a href=""/project-details-4088"">See project details</a>"
